[
 {
  "_id": "65d765f4a1b2c3d4e5f67890",
  "firstName": "Admin",
  "lastName": "Admin",
  "createdDate": "2025-02-22",
  "sessionTimeOut": "60"
 },
 {
  "_id": "67d2f7afb56d0e34e92b6bfc",
  "firstName": "Yuval",
  "lastName": "Dayan",
  "createdDate": "2025-03-13",
  "sessionTimeOut": "55"
 },
 {
  "_id": "67ebb72f9d7b86d9d09c8227",
  "firstName": "Idan",
  "lastName": "Amedi",
  "createdDate": "2025-04-01",
  "sessionTimeOut": "45"
 },
 {
  "_id": "67f23e816e613c26483b51c8",
  "firstName": "Shlomo",
  "lastName": "Artsi",
  "createdDate": "2025-04-06",
  "sessionTimeOut": "35"
 },
 {
  "_id": "67f3c0c310a0b99f4b223fe5",
  "firstName": "Omer ",
  "lastName": "Adam",
  "createdDate": "2025-04-07",
  "sessionTimeOut": "40"
 },
 {
  "_id": "67f6c552990304c40a46526d",
  "firstName": "Noa",
  "lastName": "Kirel",
  "createdDate": "2025-04-09",
  "sessionTimeOut": "50"
 }
]
